close,volume,date,high,low
679155569.5508518,350106343493672.3,2022-01-01 23:59:59.999000+00:00,681156563.2223511,659240619.0017036
674377805.4942565,398086253510711.06,2022-01-02 23:59:59.999000+00:00,681926987.6099607,667336486.9598485
663591482.3172027,471067024142299.3,2022-01-03 23:59:59.999000+00:00,676735241.1381109,654954659.2747401
658467276.7309027,606979106070180.1,2022-01-04 23:59:59.999000+00:00,679522426.0934846,656929885.1409256
627604957.9152316,528682246377344.25,2022-01-05 23:59:59.999000+00:00,674964040.480296,616502000.7615889
620261386.2414128,435142404424494.4,2022-01-06 23:59:59.999000+00:00,630115006.0755885,613724751.2997841
595057197.2681026,1209981027038143.2,2022-01-07 23:59:59.999000+00:00,620155651.7144665,589014087.9856143
597577897.766801,401875132770591.5,2022-01-08 23:59:59.999000+00:00,604665663.7896544,582376144.095195
601213037.3915931,304908966239119.06,2022-01-09 23:59:59.999000+00:00,610894440.9898454,591910774.3154128
597632123.416982,460528405624155.25,2022-01-10 23:59:59.999000+00:00,604017226.2389916,568945717.9487776
610443213.8627372,376937361541643.06,2022-01-11 23:59:59.999000+00:00,614346781.4846885,592758207.8146652
628425993.28806,479394145191835.0,2022-01-12 23:59:59.999000+00:00,631312311.1611626,608035881.1011374
609442807.4431345,683226139241379.6,2022-01-13 23:59:59.999000+00:00,632396747.6532738,607389024.8273823
616952808.1726096,336949387444383.25,2022-01-14 23:59:59.999000+00:00,621218354.6002872,600729261.6826454
618065005.2164271,262977583773422.8,2022-01-15 23:59:59.999000+00:00,625899020.5285288,610788038.106262
617253199.9165865,256260474699339.0,2022-01-16 23:59:59.999000+00:00,621778352.7990906,611102800.9449769
605503185.7152752,310544539924604.2,2022-01-17 23:59:59.999000+00:00,618191108.2569803,597326940.3365356
608458999.3413669,321266629739048.2,2022-01-18 23:59:59.999000+00:00,610738745.5829903,594282542.440379
599567547.8931338,331564542197696.75,2022-01-19 23:59:59.999000+00:00,609938176.6739112,593588627.0495192
582852784.3914018,293246064917112.5,2022-01-20 23:59:59.999000+00:00,621417540.7657688,582743951.0065798
522424254.06403464,616404857800566.5,2022-01-21 23:59:59.999000+00:00,588438417.8125663,512882194.5950293
501974750.28458697,569097214273414.4,2022-01-22 23:59:59.999000+00:00,525741486.9208897,492216153.6688901
519920223.05805415,372831090894113.25,2022-01-23 23:59:59.999000+00:00,522163299.7376411,498459883.22729284
526015281.7907462,599890851948118.6,2022-01-24 23:59:59.999000+00:00,534539178.5970271,475883965.1924812
529571173.52218163,379263020395921.75,2022-01-25 23:59:59.999000+00:00,536760650.11315936,513515313.55008984
529434176.62813497,449441157424128.56,2022-01-26 23:59:59.999000+00:00,556531173.2779585,522574658.17685807
533865832.1361673,360207149258158.4,2022-01-27 23:59:59.999000+00:00,534010847.6150442,512655456.6250772
543467179.0530428,319685412663406.75,2022-01-28 23:59:59.999000+00:00,545891423.0469686,520535809.65445685
548556677.5654812,247310812831629.9,2022-01-29 23:59:59.999000+00:00,554857830.4923831,538032273.618793
545430257.1431925,210624014681418.28,2022-01-30 23:59:59.999000+00:00,550400071.7954512,538481546.620377
551824941.385796,298261191478818.06,2022-01-31 23:59:59.999000+00:00,554253503.7919253,528794474.92074984
555125232.3275789,291271854943413.6,2022-02-01 23:59:59.999000+00:00,560940333.2295325,545557067.8461317
530473032.2873975,274461300490926.8,2022-02-02 23:59:59.999000+00:00,556434054.6393132,529268460.54077065
534673274.83656234,266887988663869.5,2022-02-03 23:59:59.999000+00:00,534673274.83656234,523673605.099078
597641656.0916433,423256419412635.25,2022-02-04 23:59:59.999000+00:00,598029181.7206122,533095681.17653906
596781782.2057043,283014742471236.44,2022-02-05 23:59:59.999000+00:00,602628444.2938223,590977306.976256
610520588.4809054,232457501066021.9,2022-02-06 23:59:59.999000+00:00,611792412.2115602,593955541.3516647
631076541.194722,412295192443136.9,2022-02-07 23:59:59.999000+00:00,639168216.4156029,600338473.356074
634001926.0218122,476174638741670.6,2022-02-08 23:59:59.999000+00:00,651886308.2218552,615317690.486759
635565628.7095833,334432769098382.8,2022-02-09 23:59:59.999000+00:00,641808146.2327173,620876763.4768018
625464315.4887024,460997331177145.4,2022-02-10 23:59:59.999000+00:00,654885301.8140178,623475283.9090426
608331267.7290571,386985030423515.25,2022-02-11 23:59:59.999000+00:00,626809949.1129378,604122542.5363989
605986360.8371044,260391500809873.53,2022-02-12 23:59:59.999000+00:00,616717403.9907509,600364692.5460578
605401955.5260621,211464409013195.97,2022-02-13 23:59:59.999000+00:00,612421169.9308789,601775771.4560245
609139876.3733314,298813341564929.94,2022-02-14 23:59:59.999000+00:00,612543336.9503968,598158995.3372267
635951082.8393714,324998114142611.2,2022-02-15 23:59:59.999000+00:00,637263834.6212329,607770501.3641311
627531363.705622,282407986988452.0,2022-02-16 23:59:59.999000+00:00,636060676.2388556,620643791.2093874
582020465.4848849,374772967800330.3,2022-02-17 23:59:59.999000+00:00,629737821.8285253,577564415.310617
575121023.3259976,334671104616297.44,2022-02-18 23:59:59.999000+00:00,586606856.4080702,569323043.5804905
576430985.2947321,197351753158858.0,2022-02-19 23:59:59.999000+00:00,580693995.7878455,570553537.6944724
551708610.8601866,263497227823891.7,2022-02-20 23:59:59.999000+00:00,576398448.5244087,547562986.646717
532208220.0915562,420340126870367.94,2022-02-21 23:59:59.999000+00:00,564235552.2757217,530416688.87514913
550560726.7283247,365949076097941.4,2022-02-22 23:59:59.999000+00:00,551622367.6540649,524189094.15517086
535271077.2316185,314194051679364.0,2022-02-23 23:59:59.999000+00:00,561371142.3781774,533911162.9984488
552811816.0080276,665688731713182.4,2022-02-24 23:59:59.999000+00:00,561924970.8792409,496143816.822947
562106442.0309134,382826030966508.7,2022-02-25 23:59:59.999000+00:00,568328143.703231,547166441.0550523
560542965.1113647,250384287790691.3,2022-02-26 23:59:59.999000+00:00,573446670.0190139,554771793.8145431
540900921.5830652,336139991742356.8,2022-02-27 23:59:59.999000+00:00,570201304.7462388,533756357.5747879
620552606.8247648,511929785818890.8,2022-02-28 23:59:59.999000+00:00,628924164.370181,539024189.2458997
640030489.0847075,466656013313971.5,2022-03-01 23:59:59.999000+00:00,643952895.7541935,616210081.6981763
630978717.4185947,421107755560259.75,2022-03-02 23:59:59.999000+00:00,649146408.504956,625018281.8638332
609582227.3969665,359323843176758.8,2022-03-03 23:59:59.999000+00:00,632215897.2463006,601920795.0464417
562923980.6972451,409476547928598.06,2022-03-04 23:59:59.999000+00:00,609981756.9614043,558152295.1870904
566706481.8147846,244168015878835.3,2022-03-05 23:59:59.999000+00:00,569090526.7174966,557737870.2254382
552653517.9762237,283999590744310.6,2022-03-06 23:59:59.999000+00:00,570152590.287489,549605775.010544
548375038.0234807,410622942659093.1,2022-03-07 23:59:59.999000+00:00,567996378.2518402,536763765.03845334
556410503.5028057,371376126440608.44,2022-03-08 23:59:59.999000+00:00,564164181.3530211,546886229.3377037
598590464.8062387,463722657718521.8,2022-03-09 23:59:59.999000+00:00,606431342.2479473,555966604.2138908
563166925.6034613,443109492732491.3,2022-03-10 23:59:59.999000+00:00,598987409.1767776,554899146.0035063
555815580.1584901,376490635867865.4,2022-03-11 23:59:59.999000+00:00,572176365.5930583,548792033.3695427
557377799.9714613,209409888572422.28,2022-03-12 23:59:59.999000+00:00,563174298.7655841,555494121.550805
542006066.7047148,247867778060453.3,2022-03-13 23:59:59.999000+00:00,561752363.5858319,540265926.1445372
568989862.1517913,348292608084406.4,2022-03-14 23:59:59.999000+00:00,570076365.9818102,539587017.921109
562755095.0061864,343499009888466.44,2022-03-15 23:59:59.999000+00:00,569258382.1320084,549046642.6376656
586833788.4485085,566982883147265.8,2022-03-16 23:59:59.999000+00:00,592778196.1617638,558587338.4917709
586481091.764786,314031780085335.94,2022-03-17 23:59:59.999000+00:00,590108290.0428143,581411955.8190129
599526788.2185687,493278236364533.56,2022-03-18 23:59:59.999000+00:00,605289396.4203656,577793314.4742004
605113118.7083287,282040207126275.25,2022-03-19 23:59:59.999000+00:00,606918834.8970468,596680030.8777734
591812479.4365677,288682056113346.9,2022-03-20 23:59:59.999000+00:00,605837569.7618039,588104613.3416872
589138593.290028,353177076469750.25,2022-03-21 23:59:59.999000+00:00,594252770.3818467,583313656.6637645
607647696.5495026,459012324587816.7,2022-03-22 23:59:59.999000+00:00,619072233.9609369,587114976.1635305
616845766.1600232,362246234809338.56,2022-03-23 23:59:59.999000+00:00,616853664.1942023,601044859.797057
631371316.7262673,446430824262436.8,2022-03-24 23:59:59.999000+00:00,633837141.2380587,613825414.0434924
636732469.1113642,439112777469933.8,2022-03-25 23:59:59.999000+00:00,645576227.2575096,626953561.2190175
638916193.911242,243364476908026.03,2022-03-26 23:59:59.999000+00:00,642292583.1904687,634112878.7585324
671453453.8327279,404317158104536.75,2022-03-27 23:59:59.999000+00:00,671554597.1602,638003999.8316157
676941953.3298295,521469961774067.4,2022-03-28 23:59:59.999000+00:00,690608723.2920811,669584217.4956259
680568381.7338207,450984216747309.56,2022-03-29 23:59:59.999000+00:00,689696112.9156879,676545989.9587115
674071479.4786752,420867900108921.9,2022-03-30 23:59:59.999000+00:00,682893525.8186274,670478572.345546
653391213.4044157,477585844082899.8,2022-03-31 23:59:59.999000+00:00,682101000.3671317,651265696.5197028
665134332.3884629,547910624675705.0,2022-04-01 23:59:59.999000+00:00,669595725.5505838,637436558.2196281
659203309.3381706,421609396626539.7,2022-04-02 23:59:59.999000+00:00,675864585.9201909,657961096.7101151
667440642.1371173,365241744530586.4,2022-04-03 23:59:59.999000+00:00,679919954.2611198,655828241.0545322
668051639.3980598,466953972294254.0,2022-04-04 23:59:59.999000+00:00,670890634.7540872,648079955.8596939
654108897.8500682,424674272569344.8,2022-04-05 23:59:59.999000+00:00,674926587.1512285,653948286.811152
621604533.1936452,566030904968139.1,2022-04-06 23:59:59.999000+00:00,654412048.3134356,621420617.6994559
625343904.6358621,375373780314585.2,2022-04-07 23:59:59.999000+00:00,630560673.4755191,616763377.3078064
607701211.6717128,391638173702895.0,2022-04-08 23:59:59.999000+00:00,631191517.1217006,606201255.097465
614807092.9253657,230660033783702.4,2022-04-09 23:59:59.999000+00:00,614874383.7761847,606200777.802633
606200514.1354054,253706289539729.75,2022-04-10 23:59:59.999000+00:00,623346784.7635326,603508572.0849354
567564144.4937681,487599854241649.8,2022-04-11 23:59:59.999000+00:00,609804205.3149017,565426647.4085041
576396875.2522602,445440541996295.25,2022-04-12 23:59:59.999000+00:00,583248501.0741287,565594930.7622783
591164560.5133892,397761958260281.6,2022-04-13 23:59:59.999000+00:00,594912791.1344181,570493464.315503
574430479.7543373,349557233839823.94,2022-04-14 23:59:59.999000+00:00,595562431.1622335,570862515.9078928
582622159.2963951,313233452278347.94,2022-04-15 23:59:59.999000+00:00,583556825.6555148,573430535.043711
580769133.9921377,241837954475472.75,2022-04-16 23:59:59.999000+00:00,583774624.476823,575797402.3606238
569702353.4208969,274227577171323.66,2022-04-17 23:59:59.999000+00:00,582870194.5301598,568324454.1039776
586013357.3618399,483469136120112.1,2022-04-18 23:59:59.999000+00:00,588307373.9284508,555715038.9923375
596184934.6211392,363198431294259.44,2022-04-19 23:59:59.999000+00:00,598313297.4963167,582087368.2214757
593805075.9563035,399626191093208.2,2022-04-20 23:59:59.999000+00:00,605142195.0390007,587787653.784918
582382274.6368828,507670230357871.06,2022-04-21 23:59:59.999000+00:00,615503810.052383,575721224.3895894
575042428.2485114,402976557092871.3,2022-04-22 23:59:59.999000+00:00,585194892.5338985,568113693.3941622
571372964.416012,233517167464334.94,2022-04-23 23:59:59.999000+00:00,577871903.5885785,569426377.7256373
566650283.0235523,259944841460881.16,2022-04-24 23:59:59.999000+00:00,576570530.9940082,566650283.0235523
583671794.2488364,508885045818829.7,2022-04-25 23:59:59.999000+00:00,584154286.1486869,552917989.4685547
550130277.6505291,498710954007244.25,2022-04-26 23:59:59.999000+00:00,586203306.0891503,546676559.660527
566938083.0378381,447133501651585.25,2022-04-27 23:59:59.999000+00:00,569373012.1279104,548373401.749361
577356892.5836786,489825471856647.1,2022-04-28 23:59:59.999000+00:00,583933419.422415,565123765.6831642
560811542.8625041,448297550329310.5,2022-04-29 23:59:59.999000+00:00,577649412.6362205,555562003.3322283
547812338.7800444,347087631516328.7,2022-04-30 23:59:59.999000+00:00,563155702.2498991,547566388.6576163
557685653.7662634,392217790868433.75,2022-05-01 23:59:59.999000+00:00,561073493.0408505,545937320.1667851
559700133.196657,477278862129592.5,2022-05-02 23:59:59.999000+00:00,567229873.8123978,554586548.9672042
545713011.7000501,396967573706631.25,2022-05-03 23:59:59.999000+00:00,559779599.3425177,543226955.4704932
572847488.042472,531314320419625.8,2022-05-04 23:59:59.999000+00:00,574315181.8057982,545447115.7821383
528830836.3160715,622023278659549.6,2022-05-05 23:59:59.999000+00:00,573492883.5084921,518777755.66153145
522544718.80713177,546476806027996.56,2022-05-06 23:59:59.999000+00:00,529542459.31356126,513804561.5548616
514730407.42830056,353417590408558.0,2022-05-07 23:59:59.999000+00:00,523835144.6217476,506594787.62589467
493756445.07009447,533014477566497.44,2022-05-08 23:59:59.999000+00:00,514744703.9617311,491199249.6279062
440888840.1032752,918463292032712.5,2022-05-09 23:59:59.999000+00:00,496341551.5720158,440888840.1032752
450651133.1581148,870385189603650.4,2022-05-10 23:59:59.999000+00:00,474371901.11445916,435764255.6231497
420905326.62089974,1022496675103582.4,2022-05-11 23:59:59.999000+00:00,464947824.8821096,409733024.24665457
425031049.8554682,974028388524774.2,2022-05-12 23:59:59.999000+00:00,436675134.792668,384811932.3062486
429464536.32090837,626857760407179.9,2022-05-13 23:59:59.999000+00:00,452330904.36092335,421150243.14691794
441463668.6088298,419150924163781.06,2022-05-14 23:59:59.999000+00:00,442806141.97110265,420955436.0593525
457452371.0925623,378900274909800.9,2022-05-15 23:59:59.999000+00:00,457497360.5361661,433052363.86575675
437417094.95836115,476577255916206.6,2022-05-16 23:59:59.999000+00:00,457455732.4531746,429275727.11957306
445150068.7474416,426263832749914.06,2022-05-17 23:59:59.999000+00:00,449747959.22317165,433188927.5481704
423338236.42001444,457723810904641.94,2022-05-18 23:59:59.999000+00:00,448161116.0822984,423338236.42001444
443577537.6531624,498496088126720.8,2022-05-19 23:59:59.999000+00:00,444772214.83446914,422685391.02561843
428446222.3074286,450094087871008.56,2022-05-20 23:59:59.999000+00:00,449239959.3485427,422802431.62860036
431842685.84438306,253464128165051.53,2022-05-21 23:59:59.999000+00:00,434141019.3029468,425902808.8839764
444303438.29444295,317387444831878.5,2022-05-22 23:59:59.999000+00:00,446246211.28799653,429538478.30284745
425594834.16705984,461295851389673.44,2022-05-23 23:59:59.999000+00:00,448305044.8878375,423787842.1911431
434034710.30516905,389505952407817.1,2022-05-24 23:59:59.999000+00:00,435772989.53544956,421384203.96012586
432080516.04809505,403325996275512.2,2022-05-25 23:59:59.999000+00:00,441344097.79860896,430578986.6632805
427886824.7207729,537750959616059.7,2022-05-26 23:59:59.999000+00:00,435988668.2275185,413024189.7302545
416227761.846428,534470420403337.4,2022-05-27 23:59:59.999000+00:00,428758837.5816518,411851966.5104462
421984102.02487326,279917191719367.97,2022-05-28 23:59:59.999000+00:00,423618769.9452103,415166257.20863116
429237585.6123011,263074252074035.6,2022-05-29 23:59:59.999000+00:00,429237585.6123011,419332383.7089754
461255717.3348054,572560458584172.4,2022-05-30 23:59:59.999000+00:00,464501316.7934283,427158163.7061274
462447761.17515326,487897119206858.1,2022-05-31 23:59:59.999000+00:00,469082333.3918277,455103602.8139982
433740504.76898307,598375705846235.4,2022-06-01 23:59:59.999000+00:00,465224557.899295,429404471.4379031
439798185.5444367,423328695929750.5,2022-06-02 23:59:59.999000+00:00,441779347.6818065,431630704.2800194
428738332.636351,377844027460548.1,2022-06-03 23:59:59.999000+00:00,442475803.1764543,423970510.9712369
430593367.4552427,239428252219615.4,2022-06-04 23:59:59.999000+00:00,432002794.71161926,425788341.63413215
431782059.8271704,249181177201839.94,2022-06-05 23:59:59.999000+00:00,434704450.0333537,426862817.2969054
452920350.34717625,461244622291885.1,2022-06-06 23:59:59.999000+00:00,457451923.8545053,431601958.4912944
450676461.6269676,588834792581027.1,2022-06-07 23:59:59.999000+00:00,455475553.32530606,423945253.86831
438510016.47873795,437463481825170.8,2022-06-08 23:59:59.999000+00:00,452034907.11633956,433163261.7826414
439991996.81539583,314822572117885.94,2022-06-09 23:59:59.999000+00:00,445880655.51066595,438523408.37313294
425058351.7948465,436419086863607.25,2022-06-10 23:59:59.999000+00:00,440902226.0676479,423717017.2730823
414491839.9531515,398207323081077.25,2022-06-11 23:59:59.999000+00:00,429707536.5614302,412670825.3436906
389475052.41619444,499293756127021.8,2022-06-12 23:59:59.999000+00:00,416565317.1660769,389475052.41619444
333195626.88901556,992580909850949.1,2022-06-13 23:59:59.999000+00:00,392373884.40181106,327309781.98403215
328271914.4288929,754386444349162.6,2022-06-14 23:59:59.999000+00:00,338811482.84025234,309186647.21109015
331710138.49753225,811736743723905.5,2022-06-15 23:59:59.999000+00:00,332736334.5303018,297455494.7223498
301833910.9907722,458251640645828.25,2022-06-16 23:59:59.999000+00:00,336797399.17233074,300735949.5823082
303773249.0646999,402645135288454.9,2022-06-17 23:59:59.999000+00:00,314962903.82531834,301035739.9495762
282199942.24523026,623371730635845.8,2022-06-18 23:59:59.999000+00:00,307699002.8808669,262775610.96398255
304667335.80609846,524255719093002.9,2022-06-19 23:59:59.999000+00:00,306840190.02649325,268095757.2348002
305444799.03960764,456831289727136.1,2022-06-20 23:59:59.999000+00:00,309908840.0918398,292099658.7252979
307214784.23724973,429563071991465.8,2022-06-21 23:59:59.999000+00:00,320687366.5866417,301843418.8572654
296485590.229084,424049935236058.5,2022-06-22 23:59:59.999000+00:00,308896249.64888906,294455133.1605914
313102081.39223236,388471614669421.7,2022-06-23 23:59:59.999000+00:00,313842819.8944955,295938029.0868391
314854839.2777626,371059867252757.94,2022-06-24 23:59:59.999000+00:00,318432636.2043076,308562852.12559915
318868931.5894036,272455562892223.28,2022-06-25 23:59:59.999000+00:00,319144403.6343578,310894313.3851946
312211313.5848979,267333924890837.78,2022-06-26 23:59:59.999000+00:00,323041746.4304372,311767968.51840466
307044736.80519557,311296688460378.2,2022-06-27 23:59:59.999000+00:00,317599729.1425662,305485147.84753954
301390526.3996704,316611358203490.9,2022-06-28 23:59:59.999000+00:00,313872847.95203584,300506076.11267203
298922699.82743675,350017274016682.4,2022-06-29 23:59:59.999000+00:00,302106328.5140065,296156715.73329127
295364203.3666697,390875622384614.8,2022-06-30 23:59:59.999000+00:00,299482941.63607377,279611291.900468
288561656.5453569,460205646463698.94,2022-07-01 23:59:59.999000+00:00,308097363.6050659,285214608.3759932
288155663.6712744,271056485711423.62,2022-07-02 23:59:59.999000+00:00,290094826.9509931,284933397.3734824
288266998.6933415,245455017302095.12,2022-07-03 23:59:59.999000+00:00,292888010.0248758,284032930.807792
303360685.41981363,322588848041661.2,2022-07-04 23:59:59.999000+00:00,303772823.84153795,285053800.50335425
303729990.0253469,400590276667506.2,2022-07-05 23:59:59.999000+00:00,310038616.8590219,291060415.3674049
308132248.40201366,369356829628297.4,2022-07-06 23:59:59.999000+00:00,308841294.0273474,297739226.5122215
323798927.53120667,387109711196742.2,2022-07-07 23:59:59.999000+00:00,325855512.56712544,304169397.1823325
325465846.49593455,746733558184422.5,2022-07-08 23:59:59.999000+00:00,333954242.6109381,318167419.84028107
323385390.7472773,443933689849523.6,2022-07-09 23:59:59.999000+00:00,327652821.74643147,321195014.2210377
312424749.84694445,429670831704890.8,2022-07-10 23:59:59.999000+00:00,323368537.60228723,310429092.2078598
299770036.8159218,361695731865239.4,2022-07-11 23:59:59.999000+00:00,312363398.1162289,299079297.0928242
289549540.2066025,387426888620355.2,2022-07-12 23:59:59.999000+00:00,300712813.5942218,289319022.7663667
303796560.12509555,495107776301306.5,2022-07-13 23:59:59.999000+00:00,303961581.6872104,285741245.15027326
309486789.27484035,468329933759679.56,2022-07-14 23:59:59.999000+00:00,312717422.64301634,297096147.4782227
312468877.0554593,389764924612011.1,2022-07-15 23:59:59.999000+00:00,317059910.0510583,306862653.4962545
317777390.3490696,364455605043303.94,2022-07-16 23:59:59.999000+00:00,322637522.36786467,307708587.7363906
311595626.2144632,343833344747855.1,2022-07-17 23:59:59.999000+00:00,323930759.44063765,311578161.54404503
336869353.5391469,599435257518802.1,2022-07-18 23:59:59.999000+00:00,338704477.03451854,311634118.9974735
349925796.3754636,730575884223988.0,2022-07-19 23:59:59.999000+00:00,354077872.2072961,324785986.5883199
347924225.8263994,642307427564277.0,2022-07-20 23:59:59.999000+00:00,362054463.0359507,344355403.1794829
347838907.1295118,503666446496272.6,2022-07-21 23:59:59.999000+00:00,350649420.1398976,337688616.9993947
340224957.6948667,471824508474935.2,2022-07-22 23:59:59.999000+00:00,354638319.2850895,338552915.46752584
336487923.9161269,359798507960418.94,2022-07-23 23:59:59.999000+00:00,344152666.3940663,329559595.20121574
339533477.21284896,352963988661356.8,2022-07-24 23:59:59.999000+00:00,344103769.7207171,334111852.2357727
319780384.4638555,534241519183642.6,2022-07-25 23:59:59.999000+00:00,340144504.69131947,319779530.17689174
318397724.0003275,428505642667535.44,2022-07-26 23:59:59.999000+00:00,319771722.1800961,311450775.4255634
342139834.19464993,476087382277792.2,2022-07-27 23:59:59.999000+00:00,343029127.6252055,316525649.6042964
354320149.04394203,601078565452921.2,2022-07-28 23:59:59.999000+00:00,358147769.8904133,339300223.94889647
352675163.1989159,533284531217704.56,2022-07-29 23:59:59.999000+00:00,360536429.1361194,349306810.345423
350476169.54250133,417027113381452.9,2022-07-30 23:59:59.999000+00:00,364052593.1396675,349354665.37669617
346149135.11173606,348955885355469.4,2022-07-31 23:59:59.999000+00:00,357371783.42913187,344950957.15940714
346191571.9971885,383412782547724.06,2022-08-01 23:59:59.999000+00:00,348426850.0142368,339424314.2666596
342263642.2994136,421447066401145.56,2022-08-02 23:59:59.999000+00:00,347775067.10260576,337924338.2567721
340111381.2746391,391567549307863.94,2022-08-03 23:59:59.999000+00:00,351027158.51449174,338660120.51875126
337393618.4658524,373959836532342.56,2022-08-04 23:59:59.999000+00:00,345362099.4128926,334694032.81020397
348082091.1814113,430576101393890.44,2022-08-05 23:59:59.999000+00:00,348772931.23027897,337113663.40935
343179275.43401587,238811072231422.03,2022-08-06 23:59:59.999000+00:00,348638789.9968212,343179275.43401587
345160231.42389673,237444367515522.5,2022-08-07 23:59:59.999000+00:00,348934490.47946125,342182037.4833814
353124455.75968134,425577671937252.9,2022-08-08 23:59:59.999000+00:00,360465538.2798816,345170007.29950017
344221765.2731802,349360760657271.6,2022-08-09 23:59:59.999000+00:00,355063327.5210927,341258710.29309464
353622876.6257338,488207232385829.5,2022-08-10 23:59:59.999000+00:00,357257509.3307421,338207708.1786132
352930356.0647378,548236385637261.94,2022-08-11 23:59:59.999000+00:00,364276034.2119518,352116656.1055389
357771580.670557,401688014378153.2,2022-08-12 23:59:59.999000+00:00,357914490.97419536,347669050.93824553
358083118.64855385,337019234693580.75,2022-08-13 23:59:59.999000+00:00,364475091.68265676,356940242.04222524
356717660.07588667,337118743323053.6,2022-08-14 23:59:59.999000+00:00,366159119.3453342,354889818.1105214
356658766.17609304,515193934774256.06,2022-08-15 23:59:59.999000+00:00,369810177.65576255,352267242.92263794
352648726.57788426,410100948249081.5,2022-08-16 23:59:59.999000+00:00,357876715.5639677,350173587.3899316
344689028.9671484,456229067732990.25,2022-08-17 23:59:59.999000+00:00,360100080.42454225,343274970.16866815
344711496.5918178,350768869537014.25,2022-08-18 23:59:59.999000+00:00,349281389.0386684,344178125.65233266
310561962.2069952,601571763360335.4,2022-08-19 23:59:59.999000+00:00,344720022.99290717,310432453.2024801
314853614.8301656,410496644417680.6,2022-08-20 23:59:59.999000+00:00,317601784.03666705,310252221.32301486
320097754.61658883,343656068320761.75,2022-08-21 23:59:59.999000+00:00,322100393.41074425,313918493.8179576
319075912.5710511,470712272872586.44,2022-08-22 23:59:59.999000+00:00,320058253.4916226,312129551.3665257
319918142.4052107,475332261159717.56,2022-08-23 23:59:59.999000+00:00,321389985.28420013,312265812.8924383
317716048.0619816,474687405895623.7,2022-08-24 23:59:59.999000+00:00,323132805.7866815,314871503.31708306
319149053.30246544,460775891956510.75,2022-08-25 23:59:59.999000+00:00,322971090.68571067,316943859.73707193
300455063.5768873,625369850473706.5,2022-08-26 23:59:59.999000+00:00,322188336.62489396,299557328.61577874
297217979.178671,446629596745264.56,2022-08-27 23:59:59.999000+00:00,301652669.7474446,294975466.43852144
290683060.1820339,361358582729582.5,2022-08-28 23:59:59.999000+00:00,299117316.92231554,290683060.1820339
302180305.7440877,483629544786436.0,2022-08-29 23:59:59.999000+00:00,303027292.27382046,290444432.6439667
294004396.1004042,513360681217543.06,2022-08-30 23:59:59.999000+00:00,305079515.05472773,291476338.3937109
297929456.10083026,493710347843066.56,2022-08-31 23:59:59.999000+00:00,303200655.26624984,294211878.55043334
300206360.6771326,448166942068746.2,2022-09-01 23:59:59.999000+00:00,300206360.6771326,292793029.7098943
297395823.3276744,434399005987139.0,2022-09-02 23:59:59.999000+00:00,303458653.7962908,295324646.21062136
295345400.11306345,351652646239794.4,2022-09-03 23:59:59.999000+00:00,298397173.70375675,293353815.05207074
297736804.67775375,375968945501707.25,2022-09-04 23:59:59.999000+00:00,297930101.8348751,292437363.4810649
295053761.018258,429226514608441.9,2022-09-05 23:59:59.999000+00:00,298404194.24913186,293416068.896293
280700086.5837956,646389415543044.1,2022-09-06 23:59:59.999000+00:00,299587055.03386843,280172684.8883625
287585935.40634257,525107621055117.5,2022-09-07 23:59:59.999000+00:00,289637868.1912557,278303511.78039855
288111189.66859126,479964934133154.5,2022-09-08 23:59:59.999000+00:00,289297100.9363132,284360978.8417243
317217198.09324557,722438317348102.6,2022-09-09 23:59:59.999000+00:00,318081508.438536,287829897.1727981
321648146.6073164,547663304331724.3,2022-09-10 23:59:59.999000+00:00,322831099.2545984,314063389.1926393
322840218.111971,511745372501457.5,2022-09-11 23:59:59.999000+00:00,322859450.5413317,317464989.04920846
332440526.25343907,744650230606498.4,2022-09-12 23:59:59.999000+00:00,333370326.9888008,320602914.6113984
303788944.54823315,759724904148251.4,2022-09-13 23:59:59.999000+00:00,336932961.72410643,300284011.1553249
302047662.5824521,566851073745702.5,2022-09-14 23:59:59.999000+00:00,305630825.77811927,294985738.30017936
294397150.5924009,543015024184601.75,2022-09-15 23:59:59.999000+00:00,302656358.8451329,293356626.3637497
296572945.0244351,450136414781962.56,2022-09-16 23:59:59.999000+00:00,297166261.68483466,290870450.80142105
301897547.8047889,374341755556474.4,2022-09-17 23:59:59.999000+00:00,302421850.3093988,296639688.80603456
290382547.4605517,468796683344227.6,2022-09-18 23:59:59.999000+00:00,301892407.4356855,289377695.8498784
292885389.30199754,600772247067001.5,2022-09-19 23:59:59.999000+00:00,294314297.3357111,275320363.1559356
283696203.40087026,551349600044013.06,2022-09-20 23:59:59.999000+00:00,293761436.65150845,282721332.12910736
279326103.5065917,696277548743102.1,2022-09-21 23:59:59.999000+00:00,295940555.3158359,275069879.1552177
291720645.4424483,619463529209280.6,2022-09-22 23:59:59.999000+00:00,292372190.1708262,276767924.615114
291632882.05039805,584477751219915.4,2022-09-23 23:59:59.999000+00:00,292722149.59248465,280570773.42822707
286182961.47790074,395182864597514.0,2022-09-24 23:59:59.999000+00:00,291822689.80066794,285048972.5261344
282742161.18479335,353024256049068.7,2022-09-25 23:59:59.999000+00:00,289171008.1293227,282315258.5697179
292005846.3379241,663900734217340.0,2022-09-26 23:59:59.999000+00:00,292005846.3379241,282769269.18089527
289941390.1591438,892154752724785.0,2022-09-27 23:59:59.999000+00:00,309175030.70455146,287035882.90864235
294807295.560483,805187130116200.2,2022-09-28 23:59:59.999000+00:00,298775547.931323,283279567.2370916
297269616.2724554,622763642474352.5,2022-09-29 23:59:59.999000+00:00,298499968.4357475,287733921.1089923
297378276.1492483,667882875378035.5,2022-09-30 23:59:59.999000+00:00,307071481.7015229,294309073.20051754
295546504.147473,286478188634038.56,2022-10-01 23:59:59.999000+00:00,297980712.7351097,294306707.677046
289999305.67258763,317795950540312.3,2022-10-02 23:59:59.999000+00:00,296437402.1379612,288880267.1944028
299630485.7727504,464214481619114.5,2022-10-03 23:59:59.999000+00:00,300087981.99606156,289711790.3262322
308594305.46082956,547959269515278.2,2022-10-04 23:59:59.999000+00:00,309263643.9786968,298631780.9976163
306578970.6533802,504519871706803.56,2022-10-05 23:59:59.999000+00:00,308810803.04440004,301753818.42431515
303947349.2276132,527847779141897.75,2022-10-06 23:59:59.999000+00:00,310215966.73010206,303096258.4527193
298885014.84962267,445170008931649.56,2022-10-07 23:59:59.999000+00:00,305229470.4366674,296454787.59634006
296892914.0034296,251339706403972.7,2022-10-08 23:59:59.999000+00:00,299723644.6821614,295101543.8112762
296618345.2786215,257453530190361.75,2022-10-09 23:59:59.999000+00:00,298819095.77635294,295863713.86551243
293262840.4932001,418316702160172.56,2022-10-10 23:59:59.999000+00:00,297871722.7723213,292671014.0450594
292515476.10847753,439883653426538.4,2022-10-11 23:59:59.999000+00:00,294794527.61567754,290975137.5700994
293466214.5530192,383771098989088.0,2022-10-12 23:59:59.999000+00:00,294167079.00683635,292706227.7212469
297954000.8135651,677388252054643.8,2022-10-13 23:59:59.999000+00:00,298993760.2428516,282389648.06545275
296844317.60259116,592185519789464.5,2022-10-14 23:59:59.999000+00:00,305548653.00000477,295757405.1170634
295018263.523951,250529506600946.0,2022-10-15 23:59:59.999000+00:00,297260286.265162,294269641.79117435
297252148.4667877,278328116201254.8,2022-10-16 23:59:59.999000+00:00,299999823.5869627,295038044.3858388
301892041.31500065,423823752927894.7,2022-10-17 23:59:59.999000+00:00,303209544.94844687,296774252.6498294
299186540.3434181,472199731622287.1,2022-10-18 23:59:59.999000+00:00,304017851.9013807,296339795.80713063
298320266.1184597,347017168886104.75,2022-10-19 23:59:59.999000+00:00,299403206.2251415,298135627.54427457
296515258.3135928,381777781683727.8,2022-10-20 23:59:59.999000+00:00,299955484.54335004,295066284.99601144
297886488.7028773,506218823927855.5,2022-10-21 23:59:59.999000+00:00,298929857.78373003,292086618.1954424
298441493.4705037,250217920027873.5,2022-10-22 23:59:59.999000+00:00,299061077.01693285,297261488.9250647
305884482.3887611,343819503321069.1,2022-10-23 23:59:59.999000+00:00,305884482.3887611,297136473.06256044
301752237.5063126,472141451072871.2,2022-10-24 23:59:59.999000+00:00,306236784.482674,299557453.9723094
312150947.93085414,744984265589093.9,2022-10-25 23:59:59.999000+00:00,316276378.6711088,300912058.8358336
321998958.4373451,916244302536982.1,2022-10-26 23:59:59.999000+00:00,324727423.4666787,311844344.98038197
316012765.3076941,769325680317545.8,2022-10-27 23:59:59.999000+00:00,324271222.9741369,315538202.85824805
320404379.9117602,685349684484948.2,2022-10-28 23:59:59.999000+00:00,322680173.8838624,312547955.2000732
323875550.49838907,628038491349327.8,2022-10-29 23:59:59.999000+00:00,326518990.1265294,319955287.5265849
320999443.9927179,489836884288129.56,2022-10-30 23:59:59.999000+00:00,325408394.7931876,319628367.33349663
320220852.6558809,710400947556070.0,2022-10-31 23:59:59.999000+00:00,324727683.82586527,317543388.3479903
321084124.26329255,622126837729200.4,2022-11-01 23:59:59.999000+00:00,322468127.8456565,318167837.63784075
316193741.80156976,870719149207654.9,2022-11-02 23:59:59.999000+00:00,323398006.28453225,315056660.83141494
318446750.7091265,678972364702563.4,2022-11-03 23:59:59.999000+00:00,319474391.12514883,314837213.94909656
330203418.6582182,1011708374367457.6,2022-11-04 23:59:59.999000+00:00,331535734.42435956,318100592.0944992
332320711.5215647,590947110401803.2,2022-11-05 23:59:59.999000+00:00,334882402.9610188,329429028.2246105
328117994.2190142,547802221421905.6,2022-11-06 23:59:59.999000+00:00,333299520.4810654,328019286.8746482
322901765.68158466,839026367190835.6,2022-11-07 23:59:59.999000+00:00,329808976.92301047,321131156.2337479
290300693.3914886,1864933215662691.2,2022-11-08 23:59:59.999000+00:00,323663364.7765766,275035436.5280431
249193257.01648867,1611185958619401.8,2022-11-09 23:59:59.999000+00:00,290713888.6777288,245810527.6180979
273003849.9151359,1305568635076606.2,2022-11-10 23:59:59.999000+00:00,280518932.43466866,248182399.59399155
263586419.6829563,867309070687260.8,2022-11-11 23:59:59.999000+00:00,274298115.4720813,255699039.74407175
259949744.68004745,459847786417173.94,2022-11-12 23:59:59.999000+00:00,264087500.0244475,257667380.63078904
255103514.1737744,421033547835709.25,2022-11-13 23:59:59.999000+00:00,261831093.23494375,254592935.3720652
258562561.8148108,774204505136912.0,2022-11-14 23:59:59.999000+00:00,266198026.87347314,246977487.01857534
262672250.10468027,569240180801516.9,2022-11-15 23:59:59.999000+00:00,264896611.040844,257321039.23232907
260688373.5867985,527775813040837.25,2022-11-16 23:59:59.999000+00:00,265080376.64820763,256540761.81166536
262561407.41894156,435833585706242.94,2022-11-17 23:59:59.999000+00:00,262561407.41894156,258245374.20198485
261174949.82067686,422650147563301.5,2022-11-18 23:59:59.999000+00:00,266194225.11972657,259191448.32392395
261392003.67139232,251922273483795.34,2022-11-19 23:59:59.999000+00:00,262742313.2760759,259964767.08681652
255083604.77958918,333371080854664.7,2022-11-20 23:59:59.999000+00:00,261943087.1614399,254408161.14903766
248504481.45962083,586038931464108.2,2022-11-21 23:59:59.999000+00:00,255074074.7738688,245561760.52736396
253583598.12496227,483664866120104.3,2022-11-22 23:59:59.999000+00:00,254686046.8671712,246001588.30735546
259625341.27153838,516241460724563.56,2022-11-23 23:59:59.999000+00:00,260174932.3533796,253577734.9038482
259803422.33798167,408129032140624.1,2022-11-24 23:59:59.999000+00:00,262305872.7862161,258006088.15283614
259274499.02427712,292251199935485.2,2022-11-25 23:59:59.999000+00:00,259777158.00940785,256606367.09806535
258382195.10362893,282471139228362.5,2022-11-26 23:59:59.999000+00:00,261217023.99825996,257628084.93524626
257902517.2195543,320836321230934.44,2022-11-27 23:59:59.999000+00:00,260251508.66381776,257783302.2297777
255302820.66426677,435096283729516.3,2022-11-28 23:59:59.999000+00:00,258503284.67481464,252635692.93659902
258737144.29173452,371458709492767.0,2022-11-29 23:59:59.999000+00:00,259911557.62296814,254076059.78795663
268395326.7900806,464509192192747.7,2022-11-30 23:59:59.999000+00:00,268745078.47388566,258744920.07887015
260623656.69106945,358026706180208.5,2022-12-01 23:59:59.999000+00:00,268464633.4156055,260134996.7226106
262758660.18393764,300139640607549.0,2022-12-02 23:59:59.999000+00:00,262758660.18393764,260537268.34723794
259992884.7076881,249367778149860.28,2022-12-03 23:59:59.999000+00:00,263179666.6309104,259683874.72959086
264277840.41026226,258705609428093.94,2022-12-04 23:59:59.999000+00:00,264698718.19816157,259919123.17787242
263455235.5115846,342627145784553.9,2022-12-05 23:59:59.999000+00:00,267444574.0977791,262327499.7776328
267022640.9339521,308698556639856.5,2022-12-06 23:59:59.999000+00:00,267059523.1455758,263461652.540789
263027914.1047488,307506895207299.75,2022-12-07 23:59:59.999000+00:00,267352614.24921253,261894262.38538697
268741378.8956526,319910991650621.5,2022-12-08 23:59:59.999000+00:00,269446830.7617456,262526212.64776257
267337137.46530148,316984481841203.06,2022-12-09 23:59:59.999000+00:00,269504627.0035511,266849999.26238456
267259476.03628057,198270272459550.97,2022-12-10 23:59:59.999000+00:00,268634129.70726204,267134037.47386578
266690330.82769355,220353162031254.25,2022-12-11 23:59:59.999000+00:00,269083647.3205135,266497412.61030763
269734149.0673778,305879342992244.3,2022-12-12 23:59:59.999000+00:00,269844376.0987459,264489702.20749518
276680877.33145094,417535531987478.06,2022-12-13 23:59:59.999000+00:00,279052269.61219907,268106607.55939165
274371859.7023291,403011099520587.8,2022-12-14 23:59:59.999000+00:00,285298277.3817353,274371859.7023291
271402419.6596988,325628197422318.6,2022-12-15 23:59:59.999000+00:00,277200989.00163573,270741689.21064055
259967934.38128513,375599629093207.0,2022-12-16 23:59:59.999000+00:00,273015363.0428405,258987526.27233532
262271300.80048242,225864016963224.16,2022-12-17 23:59:59.999000+00:00,262357176.43150005,259147772.56519395
261394183.01701713,170594176756058.56,2022-12-18 23:59:59.999000+00:00,262289662.42537445,260752322.7796146
255925534.87506634,268617666275807.75,2022-12-19 23:59:59.999000+00:00,262167060.59726498,255278806.00421152
263121281.15093648,353727375154335.94,2022-12-20 23:59:59.999000+00:00,265083383.47418538,255741644.63226062
261349529.64686024,231667922574768.3,2022-12-21 23:59:59.999000+00:00,263284614.97777987,260643241.2315851
262107322.16816065,255506977689574.06,2022-12-22 23:59:59.999000+00:00,262393118.74148315,258433474.88061568
261738148.82316235,238803892264800.5,2022-12-23 23:59:59.999000+00:00,263653023.09103093,261552288.61839017
262710748.402461,151845585879262.3,2022-12-24 23:59:59.999000+00:00,262975016.26616555,261684794.62338772
262544103.57784715,181760492658905.3,2022-12-25 23:59:59.999000+00:00,262910321.43579584,261088733.5079562
264338116.24258107,185301809765629.72,2022-12-26 23:59:59.999000+00:00,264343091.62969634,262548191.8346454
261122257.55203852,246008571898937.6,2022-12-27 23:59:59.999000+00:00,264963681.48995176,260324461.8580617
261347727.51329663,265629251413330.72,2022-12-28 23:59:59.999000+00:00,264544005.27985525,260478278.32255185
260061567.76127523,228501433935544.78,2022-12-29 23:59:59.999000+00:00,261343792.18337825,260061567.76127523
257909538.5703783,248917064205334.53,2022-12-30 23:59:59.999000+00:00,260161735.55671313,254083428.74446586
257123256.72826424,174592894156926.4,2022-12-31 23:59:59.999000+00:00,258389514.44094098,256657472.420637
258591676.63860163,143643514264479.34,2023-01-01 23:59:59.999000+00:00,258675023.6686676,256715185.64372256
259701819.12951848,188172560723820.16,2023-01-02 23:59:59.999000+00:00,261335005.2739539,257996458.74991807
260110695.27796665,216356242828247.88,2023-01-03 23:59:59.999000+00:00,261210488.34392866,259515094.51922718
263327053.87186304,287201709594101.2,2023-01-04 23:59:59.999000+00:00,264796817.23655447,259920441.0883764
263245744.77757472,213818586766009.3,2023-01-05 23:59:59.999000+00:00,263330704.74132952,262264429.3885919
264572778.64998055,225360502357700.12,2023-01-06 23:59:59.999000+00:00,265109577.08138004,262365076.19223893
264622980.05471507,120405914247617.72,2023-01-07 23:59:59.999000+00:00,265362864.9984555,263983178.642743
266998987.09700236,152465027906472.0,2023-01-08 23:59:59.999000+00:00,266998987.09700236,264138726.7197337
268188858.8469015,290956869055871.1,2023-01-09 23:59:59.999000+00:00,270912067.29589665,267043479.47246066
271043855.7817384,246538950084858.06,2023-01-10 23:59:59.999000+00:00,271714460.1073191,267802732.68675125
276915611.38304985,284418619093501.6,2023-01-11 23:59:59.999000+00:00,277590557.2195707,267933243.55670083
286923408.1490626,539688190371405.9,2023-01-12 23:59:59.999000+00:00,289118412.42138153,276534959.4497795
300928243.0448207,443738238337145.6,2023-01-13 23:59:59.999000+00:00,301755746.93782884,285076226.54312384
317053624.9678827,588988322844448.8,2023-01-14 23:59:59.999000+00:00,318547607.4788738,300901850.2549793
318088445.83023214,291692535247153.44,2023-01-15 23:59:59.999000+00:00,318088445.83023214,311471521.0508732
320201280.6173133,408144473287237.5,2023-01-16 23:59:59.999000+00:00,322820379.72704566,312972203.8588277
320977923.53837043,378137248335500.75,2023-01-17 23:59:59.999000+00:00,325204403.72417945,316692992.5052435
313000563.65184635,455480892994763.2,2023-01-18 23:59:59.999000+00:00,324123204.6342937,310604450.89659023
319380571.38511145,320021441328797.9,2023-01-19 23:59:59.999000+00:00,320739823.679988,312949131.8749626
341581434.45874405,436429584338100.2,2023-01-20 23:59:59.999000+00:00,341819524.4815424,314952163.29619056
343106210.8556544,488684528444887.4,2023-01-21 23:59:59.999000+00:00,350708988.43918216,339100244.8685967
342376990.00941783,372762239704938.94,2023-01-22 23:59:59.999000+00:00,347310435.74292475,337235661.04705524
344619647.5349243,399613854280645.0,2023-01-23 23:59:59.999000+00:00,347333229.4360912,340428703.8996101
338540848.5824091,396770499078311.1,2023-01-24 23:59:59.999000+00:00,345650380.29894567,337243831.52847856
345376200.0689747,458916536051161.9,2023-01-25 23:59:59.999000+00:00,354490439.8343483,334683864.29937506
344457492.2763011,393780847896468.9,2023-01-26 23:59:59.999000+00:00,347184396.7606191,342974207.72252643
345550868.92396164,379610322861713.25,2023-01-27 23:59:59.999000+00:00,350839612.0649565,339092506.56877613
344839900.9698601,220292262738706.28,2023-01-28 23:59:59.999000+00:00,347152788.4529292,343009576.3142192
356142430.69833434,410609384567106.9,2023-01-29 23:59:59.999000+00:00,358147725.3962134,344150858.0290488
342659183.9430535,407539172978297.9,2023-01-30 23:59:59.999000+00:00,356363853.5366456,340162812.6055084
347134380.2341876,342624524534450.2,2023-01-31 23:59:59.999000+00:00,348420609.83183986,341772102.1850799
353394017.5238105,400300864889135.94,2023-02-01 23:59:59.999000+00:00,354001330.2454174,342711857.2115165
349864119.42780405,477412556268088.7,2023-02-02 23:59:59.999000+00:00,360163934.06409174,349815300.9697601
353969854.8321013,403677892538136.1,2023-02-03 23:59:59.999000+00:00,356087015.1104998,349815747.5028048
352196565.74235976,236076775376803.8,2023-02-04 23:59:59.999000+00:00,355594497.931033,351579449.2928335
346511896.8339531,295324500471343.1,2023-02-05 23:59:59.999000+00:00,353579102.9230072,344798656.11592877
345947970.7523441,359634445068233.3,2023-02-06 23:59:59.999000+00:00,351683427.73664075,344876814.7114079
352549395.090389,413431277948447.3,2023-02-07 23:59:59.999000+00:00,352978760.2472172,346040945.8342067
347083255.87323236,384475351496263.1,2023-02-08 23:59:59.999000+00:00,353733652.1151687,344194485.8164612
330492215.42046344,492837434571315.4,2023-02-09 23:59:59.999000+00:00,347643591.1674677,329804683.4778476
328834931.61905,410155653971736.6,2023-02-10 23:59:59.999000+00:00,332243500.8375977,327051191.98757935
332169367.5733972,248415910578726.4,2023-02-11 23:59:59.999000+00:00,332481270.7849254,328337771.6969773
330919340.29764235,270661597551942.6,2023-02-12 23:59:59.999000+00:00,335056870.84285563,329318901.1098555
331879912.46330947,363277970472977.7,2023-02-13 23:59:59.999000+00:00,333079724.83843076,326392660.91650736
337541189.1292719,407734918891387.2,2023-02-14 23:59:59.999000+00:00,337971879.8767561,328434838.35143054
369594695.3759723,493432010622045.94,2023-02-15 23:59:59.999000+00:00,369594695.3759723,335424586.27352047
357823921.1074254,598224112521895.2,2023-02-16 23:59:59.999000+00:00,380858137.1288281,357506562.22630787
372561919.7766002,626434299227441.8,2023-02-17 23:59:59.999000+00:00,378360636.34911,355347500.0883039
373692478.7583887,297639228284059.3,2023-02-18 23:59:59.999000+00:00,376081903.30859745,371070347.224281
369081984.37550324,387550969972562.0,2023-02-19 23:59:59.999000+00:00,380543832.9385431,369081984.37550324
376603608.32308394,439776227037877.44,2023-02-20 23:59:59.999000+00:00,378717181.3335774,362890671.7500963
372335969.80461645,474025663188130.2,2023-02-21 23:59:59.999000+00:00,381786238.9368894,368700117.1267459
367604759.282776,460233006808287.2,2023-02-22 23:59:59.999000+00:00,372872040.106231,359290330.02189267
364270603.18104553,463337791338783.94,2023-02-23 23:59:59.999000+00:00,373016182.56558836,360134326.06194824
354122895.7980198,407897215813104.06,2023-02-24 23:59:59.999000+00:00,366310885.2705931,351132772.2261587
353775585.363864,245779929782621.16,2023-02-25 23:59:59.999000+00:00,354301524.1203815,348985122.22889084
359658339.9881228,254081321025021.12,2023-02-26 23:59:59.999000+00:00,361087466.10496974,352384105.9401113
357912257.5957529,345913116273335.6,2023-02-27 23:59:59.999000+00:00,363958491.15383875,352939377.7149892
352957262.98016155,312466089996791.25,2023-02-28 23:59:59.999000+00:00,359422484.3389546,351657783.8756956
360569149.7743634,376119181388104.7,2023-03-01 23:59:59.999000+00:00,364259683.0457103,351847582.26352227
359781173.6622376,310885323696956.7,2023-03-02 23:59:59.999000+00:00,361992829.57720196,356362132.81360036
341651424.1792402,399497867003681.6,2023-03-03 23:59:59.999000+00:00,359903455.6603012,339546129.4508782
341508894.10778403,170591553789931.38,2023-03-04 23:59:59.999000+00:00,342318870.53918207,339150482.1319285
342723142.67623115,203453823229330.78,2023-03-05 23:59:59.999000+00:00,345486229.5490262,340802958.7723919
344385497.1039917,265086003926250.53,2023-03-06 23:59:59.999000+00:00,346380934.81472486,341820653.80407506
343162321.9730583,349539399731798.3,2023-03-07 23:59:59.999000+00:00,346151871.1243964,339619473.0146283
335520341.26824856,348051400650193.44,2023-03-08 23:59:59.999000+00:00,343654743.52377707,335520341.26824856
315829336.31842005,469182304994181.06,2023-03-09 23:59:59.999000+00:00,336594771.8418393,313090666.4551667
312953754.0303479,613317970974375.0,2023-03-10 23:59:59.999000+00:00,315669586.4000334,303836800.7493827
319854961.9215967,467871426488189.25,2023-03-11 23:59:59.999000+00:00,322358714.70829,311136205.3806781
343609225.6406033,453899712146682.75,2023-03-12 23:59:59.999000+00:00,343936048.2837813,317008641.52392155
372904530.99930596,766880389800456.6,2023-03-13 23:59:59.999000+00:00,377126427.99555904,338243469.789981
380780049.23498166,842036790179091.8,2023-03-14 23:59:59.999000+00:00,406988873.76067656,371058801.47405005
376926999.1820216,671400380593696.6,2023-03-15 23:59:59.999000+00:00,391054866.29202056,370801312.6035371
386528540.8677804,523673008866397.7,2023-03-16 23:59:59.999000+00:00,387848018.51881087,373813223.61667806
421644304.71371925,782693203681935.1,2023-03-17 23:59:59.999000+00:00,427239002.37238234,384521722.4109323
414573435.37093776,549243477239395.4,2023-03-18 23:59:59.999000+00:00,426286533.75131375,409505875.7700004
430871418.57773304,580667506734465.8,2023-03-19 23:59:59.999000+00:00,437245188.1397958,413679229.97849804
426518444.3971455,688044240730363.1,2023-03-20 23:59:59.999000+00:00,438409934.34892607,418846528.0070784
431118173.4128312,554056545882764.8,2023-03-21 23:59:59.999000+00:00,435240625.56420046,421143545.5269113
416645237.1127733,510778316953327.75,2023-03-22 23:59:59.999000+00:00,439136041.9483781,406075547.2135274
427402394.6642326,369553693825869.8,2023-03-23 23:59:59.999000+00:00,433587667.5409505,412611705.179454
416943966.3879814,391867496400351.0,2023-03-24 23:59:59.999000+00:00,428212586.36966866,410078851.4894746
416986099.2447182,202957324649226.56,2023-03-25 23:59:59.999000+00:00,421492216.6745513,412459442.06194955
424253556.04932284,210479950083336.6,2023-03-26 23:59:59.999000+00:00,427351147.43369687,416232945.2630291
410101469.6886095,275652376522888.62,2023-03-27 23:59:59.999000+00:00,424914766.4218654,402156419.7163606
410791423.45748675,268736877220094.3,2023-03-28 23:59:59.999000+00:00,413509888.074716,402429559.94118273
426237768.71671325,311633349912386.44,2023-03-29 23:59:59.999000+00:00,430988529.89487356,410598646.55327964
421176834.6346868,337324227220792.25,2023-03-30 23:59:59.999000+00:00,439166271.4095461,416679733.1180714
426284468.5708891,285476340221091.8,2023-03-31 23:59:59.999000+00:00,428041845.8956916,413942311.6387409
425274827.70098823,162806071170438.44,2023-04-01 23:59:59.999000+00:00,431133905.11257476,423570471.0850899
422845172.96578336,183884506453961.12,2023-04-02 23:59:59.999000+00:00,426890306.74963236,417486879.1264311
414677338.5216712,293247340454256.7,2023-04-03 23:59:59.999000+00:00,426311023.08495486,406966071.8734571
421364570.2666631,228073692527287.3,2023-04-04 23:59:59.999000+00:00,423530698.16257787,413018912.12607235
421646087.1189053,255102529060387.56,2023-04-05 23:59:59.999000+00:00,429152866.1129888,416667261.87251085
418785636.67476815,207093764359035.84,2023-04-06 23:59:59.999000+00:00,421711812.9349035,414265687.5670541
417238869.13232774,162215353873465.72,2023-04-07 23:59:59.999000+00:00,419733214.70516884,415241044.4306139
417566600.9814578,140045342600828.11,2023-04-08 23:59:59.999000+00:00,420735101.80521667,416604284.31757724
422532688.87585104,181910891445827.78,2023-04-09 23:59:59.999000+00:00,426192526.1780809,415783949.3350457
443702624.19615924,287559734872508.7,2023-04-10 23:59:59.999000+00:00,445208308.63444656,421052703.53892833
451057132.7233325,301060654740824.2,2023-04-11 23:59:59.999000+00:00,455126882.8443968,443043976.39488566
447265080.9283304,278471214003635.9,2023-04-12 23:59:59.999000+00:00,454529491.9064689,441224167.3935735
447671851.15193063,259401202307412.88,2023-04-13 23:59:59.999000+00:00,449315416.7911608,443189602.55874497
450644515.8823597,333702417554828.5,2023-04-14 23:59:59.999000+00:00,455453584.63439035,444638377.6467125
448172893.14606947,176509129727619.97,2023-04-15 23:59:59.999000+00:00,452359839.8023171,447099486.33712316
445643026.00799286,190021961615153.94,2023-04-16 23:59:59.999000+00:00,451676866.5680377,445643026.00799286
437290151.5589746,262725449534621.4,2023-04-17 23:59:59.999000+00:00,445699491.4041529,435578419.56252444
452648863.8555874,289625871320433.44,2023-04-18 23:59:59.999000+00:00,453284253.96916276,432555922.6695646
432315031.55188715,366135445135547.06,2023-04-19 23:59:59.999000+00:00,452897051.0154757,430023431.9302326
422246502.5388906,320380310766115.8,2023-04-20 23:59:59.999000+00:00,435203940.3336146,418901856.9773659
407407923.1002124,310427595691352.25,2023-04-21 23:59:59.999000+00:00,423830522.257515,405921128.121
415482193.70955706,196045972024315.78,2023-04-22 23:59:59.999000+00:00,416298330.3625398,405804714.2610005
409602501.55258256,190963433886435.4,2023-04-23 23:59:59.999000+00:00,415523171.7232087,409251085.9655331
411386183.841952,262810702779573.28,2023-04-24 23:59:59.999000+00:00,418676959.8769527,404156954.7007607
422943823.0674838,265094461167937.5,2023-04-25 23:59:59.999000+00:00,423892009.3355247,406398396.68045795
421957855.5690519,475934230007408.0,2023-04-26 23:59:59.999000+00:00,448617760.46945566,405565984.84435725
433056829.1263201,403147198337976.25,2023-04-27 23:59:59.999000+00:00,438781172.43604904,421697669.04792774
430525808.7515968,257798379215488.12,2023-04-28 23:59:59.999000+00:00,434573356.906452,424086887.9161426
429179156.5362634,156458698005405.25,2023-04-29 23:59:59.999000+00:00,432172074.6304724,426824843.5985891
429377631.632772,214999778617509.94,2023-04-30 23:59:59.999000+00:00,439502588.5400414,427206046.2835529
412299955.34859395,273680349278503.56,2023-05-01 23:59:59.999000+00:00,430270164.3322949,406217016.01372725
423266965.8504821,241186033285459.6,2023-05-02 23:59:59.999000+00:00,426113038.8433469,410914240.55122304
426030179.2889566,282216562574219.9,2023-05-03 23:59:59.999000+00:00,429543115.4476235,413415227.1460608
424195502.22634465,228356444424735.5,2023-05-04 23:59:59.999000+00:00,431355853.4210559,421977407.33135957
433411178.61338216,263926704437982.97,2023-05-05 23:59:59.999000+00:00,435308765.7459597,424010423.69122094
424169575.52881813,233532811262051.75,2023-05-06 23:59:59.999000+00:00,437604394.1546744,417776402.9471377
417571073.18616086,165845131492945.2,2023-05-07 23:59:59.999000+00:00,427880747.86715275,417371345.550866
408437613.15344393,280624759653618.47,2023-05-08 23:59:59.999000+00:00,420625778.89460325,402277134.22839856
408686054.58624965,208526873767199.72,2023-05-09 23:59:59.999000+00:00,410675045.85502505,403830959.424384
405989005.4051551,305213425796279.1,2023-05-10 23:59:59.999000+00:00,415691368.25278527,394976222.0875276
398972780.44944584,245803143737007.5,2023-05-11 23:59:59.999000+00:00,405962992.93777794,395106004.112229
397905343.75874126,285384284868083.9,2023-05-12 23:59:59.999000+00:00,399368408.75466394,384128225.5937389
397594914.9903425,148432202932003.78,2023-05-13 23:59:59.999000+00:00,401252652.7772878,396508230.6229102
397231678.3429314,148665073080025.25,2023-05-14 23:59:59.999000+00:00,403041317.43275344,395773149.79671586
402203241.60542,212597721893052.06,2023-05-15 23:59:59.999000+00:00,409004221.0143571,394799929.50869286
402630285.40979534,188443910884435.5,2023-05-16 23:59:59.999000+00:00,403770367.80921006,397142727.31946844
407591720.5165297,225464983130871.8,2023-05-17 23:59:59.999000+00:00,407780599.69518286,395710774.5565437
400419055.57564884,226460402506853.53,2023-05-18 23:59:59.999000+00:00,408489064.92424065,393758031.00045395
401630955.43509996,168018645412202.97,2023-05-19 23:59:59.999000+00:00,405273160.08113205,398862450.11272305
405207500.31169474,105222796081829.69,2023-05-20 23:59:59.999000+00:00,405589455.224458,400931190.96703804
399305879.0407517,129157819133396.39,2023-05-21 23:59:59.999000+00:00,407243751.13204575,398889400.2421343
399841408.849093,165024378953074.12,2023-05-22 23:59:59.999000+00:00,402458160.75476557,396057570.5117919
405689353.1104387,203964559070238.25,2023-05-23 23:59:59.999000+00:00,407823036.19770855,399022733.42299944
393760257.6124111,242889443909626.56,2023-05-24 23:59:59.999000+00:00,405701361.26608783,389882652.66743857
396531367.0482814,207088408689057.03,2023-05-25 23:59:59.999000+00:00,397951779.4300361,386625129.75359523
401005791.00321376,190380580103017.22,2023-05-26 23:59:59.999000+00:00,403054482.05552983,394190485.212937
403242940.9192468,118444152434444.17,2023-05-27 23:59:59.999000+00:00,403551050.49377584,399532752.2989845
420012319.9649862,218296260017349.56,2023-05-28 23:59:59.999000+00:00,423131077.3706701,402258378.2183312
415315658.57265735,227031861662490.94,2023-05-29 23:59:59.999000+00:00,425192497.4155451,412392814.32544523
415173585.74360013,198355070280061.97,2023-05-30 23:59:59.999000+00:00,420028442.442742,413336848.15104693
408059103.5917565,234616728152181.28,2023-05-31 23:59:59.999000+00:00,416714030.02461547,403248435.32266426
399996380.63626015,220057407598732.97,2023-06-01 23:59:59.999000+00:00,409935340.5202921,399258329.0615784
406070649.5473963,221285207317052.44,2023-06-02 23:59:59.999000+00:00,406879416.46444714,396337516.7495325
403470870.7697098,124961334935526.4,2023-06-03 23:59:59.999000+00:00,407075975.0113877,401725475.9191071
406518334.090806,139495379269216.56,2023-06-04 23:59:59.999000+00:00,408419125.1526444,401877779.31247246
382666240.9184466,322487046666255.25,2023-06-05 23:59:59.999000+00:00,406678438.93377805,377909859.147679
405061143.08974206,325771091655048.06,2023-06-06 23:59:59.999000+00:00,406212546.4660679,377682342.0370373
392511805.2082266,290584171809719.4,2023-06-07 23:59:59.999000+00:00,406484195.16017294,389301209.91939765
393438977.103011,177354748615211.03,2023-06-08 23:59:59.999000+00:00,397788361.57612383,390853505.6341227
394264980.7599953,163493203733443.03,2023-06-09 23:59:59.999000+00:00,397584484.9794897,391262993.6370497
384897834.74411273,295887108610983.25,2023-06-10 23:59:59.999000+00:00,395019404.8951428,379695564.71898973
384953416.5983334,159797287750492.5,2023-06-11 23:59:59.999000+00:00,390141705.1377825,382184243.26662993
385351490.57292765,173300482835542.34,2023-06-12 23:59:59.999000+00:00,387340116.6555849,382180231.5042072
385411491.31988156,210409119060849.5,2023-06-13 23:59:59.999000+00:00,392242707.2888342,382229320.55520236
374721924.8053398,212197665932257.97,2023-06-14 23:59:59.999000+00:00,387362857.6301148,371180311.4301177
381449487.26178753,236213004733216.22,2023-06-15 23:59:59.999000+00:00,383531754.6504713,371325106.569429
393897012.24516374,243304532530326.2,2023-06-16 23:59:59.999000+00:00,395218123.4165526,377529414.4445367
396638160.1335433,165926622584206.5,2023-06-17 23:59:59.999000+00:00,400508957.37808025,391608348.0976845
393322019.83735114,143116669385007.53,2023-06-18 23:59:59.999000+00:00,399110526.06150913,393167852.1405149
403168436.1175829,191566499279656.4,2023-06-19 23:59:59.999000+00:00,404782665.1938384,392982143.0217575
425337492.13019747,333511265695810.94,2023-06-20 23:59:59.999000+00:00,426260617.1853233,400362087.05062294
448938701.640391,500772859917960.44,2023-06-21 23:59:59.999000+00:00,459635263.1420693,424735839.0464316
446973243.23341113,308763931274163.2,2023-06-22 23:59:59.999000+00:00,454226518.7006033,444176785.71281135
461822545.8715569,360362481128347.8,2023-06-23 23:59:59.999000+00:00,472625258.0208369,446746018.0144065
459614278.24171925,182767633789889.8,2023-06-24 23:59:59.999000+00:00,463457668.45532393,455724340.7704269
457032546.86714834,191127428638937.34,2023-06-25 23:59:59.999000+00:00,467025250.62517405,456292997.5631358
455469240.0580246,247305070960155.75,2023-06-26 23:59:59.999000+00:00,461041796.7148233,450830813.25875515
459954199.85314286,247347566306097.28,2023-06-27 23:59:59.999000+00:00,463465153.6369185,455238625.24482185
450964805.11997765,218397653684954.84,2023-06-28 23:59:59.999000+00:00,460180760.29086024,448467973.2394631
458753409.93903434,197617384644953.03,2023-06-29 23:59:59.999000+00:00,462812273.35491836,450640232.5390578
458387002.44666374,397690917320379.56,2023-06-30 23:59:59.999000+00:00,470795554.5298525,445574281.4590125
460083966.24535674,136665291242261.27,2023-07-01 23:59:59.999000+00:00,460854183.79520005,456155224.4679033
459089657.2354309,158425767372665.34,2023-07-02 23:59:59.999000+00:00,462718393.9223518,455179920.6561092
469352780.78139204,228967603734783.5,2023-07-03 23:59:59.999000+00:00,472063101.97264034,458583595.9279673
462279274.2871992,192966385891558.06,2023-07-04 23:59:59.999000+00:00,471508449.08981097,460287598.72583103
460179333.31852245,187473966634566.6,2023-07-05 23:59:59.999000+00:00,463344467.8313533,454896159.73163384
454513178.6734761,318747319856980.75,2023-07-06 23:59:59.999000+00:00,473689091.2821036,453767294.13235414
460040315.50757706,203399837118078.16,2023-07-07 23:59:59.999000+00:00,461274214.54217184,452506447.9058373
459286421.5129444,113854947029978.08,2023-07-08 23:59:59.999000+00:00,460528094.27777314,456066355.9781669
456648642.5527396,119827883475985.78,2023-07-09 23:59:59.999000+00:00,461334001.33022714,456113966.5382645
461901537.5461417,224428396876980.75,2023-07-10 23:59:59.999000+00:00,471055473.45576745,453828948.795237
463667661.5366087,184564189800351.38,2023-07-11 23:59:59.999000+00:00,466629405.81096125,460174245.7648252
453899235.1305639,224467174268180.53,2023-07-12 23:59:59.999000+00:00,468738435.2234981,451309553.1830947
471048241.4686192,353751598019535.75,2023-07-13 23:59:59.999000+00:00,475457476.94854504,452925680.9212272
455102037.31874233,313042502330304.56,2023-07-14 23:59:59.999000+00:00,471902051.65826875,448852718.7906674
454527999.67473537,120199051340356.02,2023-07-15 23:59:59.999000+00:00,456207939.97945225,454042741.63655394
452462724.30238235,127774016738186.97,2023-07-16 23:59:59.999000+00:00,456654723.6635301,451435324.7639395
451715053.881944,198044589411278.62,2023-07-17 23:59:59.999000+00:00,454927714.65516543,444265196.7730931
447559987.7667241,196877178335644.62,2023-07-18 23:59:59.999000+00:00,452566733.7077645,442514412.14304876
448697676.27820045,181819278322633.84,2023-07-19 23:59:59.999000+00:00,453377552.1571671,446593744.55498177
448548598.5670486,219822633642035.3,2023-07-20 23:59:59.999000+00:00,452306096.6202847,445789081.9209434
449927702.54402614,165204718592668.34,2023-07-21 23:59:59.999000+00:00,451415349.191739,447268862.6958462
447867650.0835234,118440816547502.08,2023-07-22 23:59:59.999000+00:00,451174375.9128288,446247753.8375025
452572253.4019493,138701869040712.28,2023-07-23 23:59:59.999000+00:00,456274439.1557976,447412204.94164807
438586620.993075,231604669622670.9,2023-07-24 23:59:59.999000+00:00,452705462.36464924,435031974.98885995
439251986.99084973,154318918461227.78,2023-07-25 23:59:59.999000+00:00,441133093.1009805,435630414.0467023
440961262.26764023,202851761296797.7,2023-07-26 23:59:59.999000+00:00,445401852.9935933,437596644.15847814
440817446.01571447,161795291654042.4,2023-07-27 23:59:59.999000+00:00,443882393.51246345,438534608.02624494
442928608.30582845,169299127339063.38,2023-07-28 23:59:59.999000+00:00,445064568.52266026,440399046.4084671
443497739.9059333,97920801347012.47,2023-07-29 23:59:59.999000+00:00,444100893.9225818,442096522.70202583
441901152.3945182,131106231858620.19,2023-07-30 23:59:59.999000+00:00,444800741.1839336,439004649.6899304
441469113.7103562,175955293117096.94,2023-07-31 23:59:59.999000+00:00,445630541.9615138,439548867.0695731
449006967.8915723,276059536895131.2,2023-08-01 23:59:59.999000+00:00,449006967.8915723,433929678.765735
443896890.1906285,290705589523497.06,2023-08-02 23:59:59.999000+00:00,453731669.7193091,439713413.209653
442576438.98456347,194610703152806.28,2023-08-03 23:59:59.999000+00:00,445097263.4595095,439985856.21786547
440556804.55051327,182566566717367.44,2023-08-04 23:59:59.999000+00:00,443363643.65190506,437711248.19435346
440072433.34822327,99984385508268.61,2023-08-05 23:59:59.999000+00:00,440986751.79596615,438794611.49726605
440563593.9392312,110158658398237.27,2023-08-06 23:59:59.999000+00:00,441869217.02519524,438886090.6571633
444686628.5105617,206586903804005.47,2023-08-07 23:59:59.999000+00:00,445055550.5609568,436841037.82495135
452784372.51912385,267514767250182.2,2023-08-08 23:59:59.999000+00:00,458341778.5086301,443200177.94790006
449744976.8619317,279584150369336.62,2023-08-09 23:59:59.999000+00:00,457202044.530701,446559378.4611454
449179292.52569246,180517910422410.1,2023-08-10 23:59:59.999000+00:00,450098510.2833617,446723087.5380862
450477363.32111406,155607266377724.1,2023-08-11 23:59:59.999000+00:00,451307115.74458647,447843506.84609616
450757003.0794774,94919554653229.33,2023-08-12 23:59:59.999000+00:00,451510144.33790994,449862467.324899
448721501.831928,112320045932065.3,2023-08-13 23:59:59.999000+00:00,451147276.62367314,448456037.70571166
450888770.7476774,214741139545452.16,2023-08-14 23:59:59.999000+00:00,454087371.5423398,445723524.1036091
446840577.15606225,193804052817410.0,2023-08-15 23:59:59.999000+00:00,450894835.9510819,445451266.21944124
441095318.5267315,228997661170508.7,2023-08-16 23:59:59.999000+00:00,447935410.39017916,441095318.5267315
409853206.0833729,478280801816877.6,2023-08-17 23:59:59.999000+00:00,441796452.1634415,389759256.0923387
399105261.2740026,369300441005465.25,2023-08-18 23:59:59.999000+00:00,412061144.64770603,393069027.20958096
399819949.9166941,162884350642932.75,2023-08-19 23:59:59.999000+00:00,402167798.69270504,395318691.2568979
400318912.9007921,138449448609313.6,2023-08-20 23:59:59.999000+00:00,402339892.6065953,398412114.7006605
400344627.44911224,204389935429603.44,2023-08-21 23:59:59.999000+00:00,401824590.82441586,396126190.34132624
398909103.86245376,222266701172598.94,2023-08-22 23:59:59.999000+00:00,400518822.5502176,391079643.36357576
404431844.94289714,260282212875116.53,2023-08-23 23:59:59.999000+00:00,409867659.5919146,394821633.2722744
398871531.06947136,196947955053669.94,2023-08-24 23:59:59.999000+00:00,404856155.08735967,395101932.00747025
398477238.1056165,189142563866989.62,2023-08-25 23:59:59.999000+00:00,401546111.0373345,394489235.71087503
397877461.7898496,92320635310072.95,2023-08-26 23:59:59.999000+00:00,399390764.89962775,397501369.85675806
399044477.5165691,105766832220358.05,2023-08-27 23:59:59.999000+00:00,400277867.58313125,397214062.17375636
398212853.3775311,168289008210517.2,2023-08-28 23:59:59.999000+00:00,400707266.80838895,395951289.6600812
421517374.012021,448025257518281.06,2023-08-29 23:59:59.999000+00:00,426834983.0840918,395341775.0582686
415558554.1893517,248448892255047.84,2023-08-30 23:59:59.999000+00:00,421803129.98567307,411508798.2181674
395004994.048834,307224466558723.1,2023-08-31 23:59:59.999000+00:00,418095040.32760996,392091233.8246347
393660652.50507754,262135448752881.75,2023-09-01 23:59:59.999000+00:00,398092124.4256909,386947937.7838468
394699304.1095509,154109050034702.44,2023-09-02 23:59:59.999000+00:00,396247756.076925,392933918.4977933
395622515.46492755,136747837032003.55,2023-09-03 23:59:59.999000+00:00,397182063.47937584,393069472.5533808
393178524.9826675,162709669743318.7,2023-09-04 23:59:59.999000+00:00,397482665.4771444,390632551.9947347
394949321.07515347,169020688177465.53,2023-09-05 23:59:59.999000+00:00,395440588.55380327,390234772.4339807
395120736.51962215,195377679443570.94,2023-09-06 23:59:59.999000+00:00,398172463.850997,389725788.1880835
402776461.6952199,170210119791668.22,2023-09-07 23:59:59.999000+00:00,405673123.5245475,392454316.04861456
398472994.337899,166165337914796.25,2023-09-08 23:59:59.999000+00:00,405046559.27371216,394268711.86599874
398319553.7195523,84311929594929.52,2023-09-09 23:59:59.999000+00:00,398724061.74937505,397009292.3491994
395887569.29558563,121508555117960.02,2023-09-10 23:59:59.999000+00:00,399382593.5730654,394390813.53760844
386291469.4604795,223750017382763.34,2023-09-11 23:59:59.999000+00:00,397351637.2375161,382559154.61057633
396713202.3059739,286413060768153.75,2023-09-12 23:59:59.999000+00:00,406174806.0084453,385880727.0349291
402874926.45511293,200754414519778.94,2023-09-13 23:59:59.999000+00:00,404806082.65782535,395936185.7741842
408753510.67977107,212156193358411.38,2023-09-14 23:59:59.999000+00:00,412077518.2448046,401748797.3850348
408895790.9656907,176806325010450.6,2023-09-15 23:59:59.999000+00:00,412457931.64419603,403294613.3187105
408274778.5745095,113747016786425.67,2023-09-16 23:59:59.999000+00:00,411140553.4342902,406824279.59053403
407391465.0019439,104099295368635.4,2023-09-17 23:59:59.999000+00:00,409038769.57009727,406381469.47980773
411551101.2357442,239749421173272.28,2023-09-18 23:59:59.999000+00:00,421472241.2238403,405557414.7915116
418816144.8989228,212389899179313.25,2023-09-19 23:59:59.999000+00:00,422869059.1195937,410390688.01431614
416964688.79008543,204421104262751.28,2023-09-20 23:59:59.999000+00:00,421252866.6183268,412861568.25920445
409354087.7789302,205492346892753.84,2023-09-21 23:59:59.999000+00:00,417069136.5708895,406494600.01047343
408183764.5293895,162998378601099.72,2023-09-22 23:59:59.999000+00:00,410960220.4109459,408183764.5293895
408181017.2057881,113714352753907.9,2023-09-23 23:59:59.999000+00:00,409022525.8691026,407276949.0532952
403700757.94691426,125818278693901.58,2023-09-24 23:59:59.999000+00:00,410279845.6010374,402739172.9946696
405310652.7181716,184467628292946.9,2023-09-25 23:59:59.999000+00:00,406978114.7351098,399926345.32105106
406379162.45202434,153896497658416.78,2023-09-26 23:59:59.999000+00:00,407694566.837473,404287329.49573284
410469929.6179055,181655271953296.53,2023-09-27 23:59:59.999000+00:00,415723165.1820705,406292776.4124514
418129930.20665014,219294546161775.72,2023-09-28 23:59:59.999000+00:00,422666327.1665694,409921169.62116647
416952721.9153585,160913342432620.34,2023-09-29 23:59:59.999000+00:00,421061389.45850915,413267442.4550659
417823366.04428023,82597726121028.05,2023-09-30 23:59:59.999000+00:00,419742669.952642,416600189.34281915
432502208.49970776,147247519190195.4,2023-10-01 23:59:59.999000+00:00,434388358.8368773,417779643.67510957
427883458.78461474,305910893566075.56,2023-10-02 23:59:59.999000+00:00,443463808.5897699,424954680.2177161
428715317.8908709,177300248099665.88,2023-10-03 23:59:59.999000+00:00,431184615.4010742,424852971.9298905
433617646.03817385,174155156914638.97,2023-10-04 23:59:59.999000+00:00,434290107.7001292,425556599.6521647
428760189.0793861,185321154930049.28,2023-10-05 23:59:59.999000+00:00,438897960.07934135,427712290.2836507
437312538.40887576,211008861454992.38,2023-10-06 23:59:59.999000+00:00,442099945.7816418,427545921.7534024
437660585.9829866,102543020422575.2,2023-10-07 23:59:59.999000+00:00,438587789.1967616,436120566.8421454
436071898.2459795,123884452066041.42,2023-10-08 23:59:59.999000+00:00,439746977.609836,434090056.1136181
433290693.6375534,187441919987961.72,2023-10-09 23:59:59.999000+00:00,438400688.7663095,428891865.4307122
430474720.75969934,156663659575312.6,2023-10-10 23:59:59.999000+00:00,436503464.82144153,429242552.8133265
421908748.1307915,214658116111941.06,2023-10-11 23:59:59.999000+00:00,431342608.49221444,417066366.3814143
421233305.23017174,147463968877204.16,2023-10-12 23:59:59.999000+00:00,422664193.0245184,417512298.08350575
421819881.63573706,238750553278154.9,2023-10-13 23:59:59.999000+00:00,425428345.9557563,419333974.33703554
421809372.5119213,84609597826610.33,2023-10-14 23:59:59.999000+00:00,423494194.7362175,421069453.1769305
425955942.00840795,111463065691954.08,2023-10-15 23:59:59.999000+00:00,428528173.29150206,421121389.6596992
447240850.5266831,436530066727718.3,2023-10-16 23:59:59.999000+00:00,462287439.1302941,425487215.5653366
447099145.4739031,233226204823183.25,2023-10-17 23:59:59.999000+00:00,449830665.62601817,441524357.10129625
448268225.4668364,200204020305331.78,2023-10-18 23:59:59.999000+00:00,454220453.3513716,444677449.3663753
455581534.4627198,228626355978515.78,2023-10-19 23:59:59.999000+00:00,457451778.6296987,445185308.5500514
471328130.7679752,341626991960207.5,2023-10-20 23:59:59.999000+00:00,477568030.0406652,453275188.38243514
475066979.26178664,183258987851760.2,2023-10-21 23:59:59.999000+00:00,480927349.2180416,468133374.5492969
476161196.68353313,165877680078046.75,2023-10-22 23:59:59.999000+00:00,479529248.5134316,471921427.1778162
526138036.4124156,609032057104828.5,2023-10-23 23:59:59.999000+00:00,546520613.4660536,478017016.88415504
538025707.7758471,714659154940822.5,2023-10-24 23:59:59.999000+00:00,557507468.7352031,522961529.4472571
547931822.9571397,400763802713008.1,2023-10-25 23:59:59.999000+00:00,557815130.3234118,535158072.0442818
544019344.2321033,308519080530982.7,2023-10-26 23:59:59.999000+00:00,554806375.7290065,537870627.0036591
539528643.4649757,261493077366014.06,2023-10-27 23:59:59.999000+00:00,545897523.8332717,531306557.0082663
542389014.8222123,161657975654479.47,2023-10-28 23:59:59.999000+00:00,547318358.1982788,538971856.4631561
549677994.372336,177568566847810.44,2023-10-29 23:59:59.999000+00:00,552789625.308295,540129557.0901699
546964068.8385237,273496082644934.7,2023-10-30 23:59:59.999000+00:00,552602648.5366608,541574747.8709786
551876379.6146109,249771555446337.34,2023-10-31 23:59:59.999000+00:00,552695805.1834766,541244311.712409
563742404.7532547,357322204026506.3,2023-11-01 23:59:59.999000+00:00,565009547.3489201,544031188.7013301
553841018.482064,334042605746655.1,2023-11-02 23:59:59.999000+00:00,569025041.8509412,545662063.0112439
541445696.7815715,271995855648364.16,2023-11-03 23:59:59.999000+00:00,553908102.9254566,536596448.0787564
546899880.711358,149051972410854.2,2023-11-04 23:59:59.999000+00:00,549609820.1045872,539643094.0983071
547734490.0989423,193503507428321.44,2023-11-05 23:59:59.999000+00:00,552281845.0047855,539293106.9746082
545749713.6123005,198366924057302.88,2023-11-06 23:59:59.999000+00:00,547663134.7688128,541056836.1669723
554727178.89959,293377253889085.44,2023-11-07 23:59:59.999000+00:00,561528942.3418316,538091270.8594748
557031976.530095,270690225880429.72,2023-11-08 23:59:59.999000+00:00,562292177.0314484,549365398.7618575
576584577.1631789,590042216936732.0,2023-11-09 23:59:59.999000+00:00,593347927.5095701,556047641.6877607
585607305.9539359,356877908431212.06,2023-11-10 23:59:59.999000+00:00,588429592.2814006,570387994.0873815
582846422.0719314,218528223195188.25,2023-11-11 23:59:59.999000+00:00,587068792.1950827,577127760.031017
581433205.038507,181199044166345.84,2023-11-12 23:59:59.999000+00:00,584253268.3663461,577213293.8253245
572462819.8824952,299040089724494.6,2023-11-13 23:59:59.999000+00:00,587035879.5136415,571096873.4647684
549364712.3590107,374165414974665.8,2023-11-14 23:59:59.999000+00:00,577194885.7178086,540372441.2548465
587878240.387965,423036252890918.6,2023-11-15 23:59:59.999000+00:00,589186663.0770955,547353526.2539264
559820446.9625947,403604384215668.25,2023-11-16 23:59:59.999000+00:00,588694455.2870342,550467863.8473169
564478200.9481194,347538820227191.56,2023-11-17 23:59:59.999000+00:00,566140954.0709217,553561401.194577
564308857.6624376,183333580187738.0,2023-11-18 23:59:59.999000+00:00,568220150.7098532,558873470.0980392
576931328.8087062,199220051368228.03,2023-11-19 23:59:59.999000+00:00,578826450.6281997,561669688.1500157
576734747.5589871,322336854591349.3,2023-11-20 23:59:59.999000+00:00,581419736.1000508,569173115.9460585
555685434.7286849,387375686642309.94,2023-11-21 23:59:59.999000+00:00,578936267.8517228,555685434.7286849
586055780.0602255,378546565340400.0,2023-11-22 23:59:59.999000+00:00,591569203.9078056,553469143.8924569
582963555.608009,222523325103104.53,2023-11-23 23:59:59.999000+00:00,585897571.5143771,572827602.6196109
586166625.9068636,358388984102715.94,2023-11-24 23:59:59.999000+00:00,596951056.5366429,582525591.9976705
587355596.569437,141405757442048.53,2023-11-25 23:59:59.999000+00:00,588841788.6056073,584568132.2562767
582528188.3200225,213591746642698.6,2023-11-26 23:59:59.999000+00:00,587447612.601412,577234117.4719093
577640789.7812964,295357500782502.6,2023-11-27 23:59:59.999000+00:00,583775217.286315,568881029.5124139
580786628.7335947,336407282875867.7,2023-11-28 23:59:59.999000+00:00,591729911.5470892,569783040.3830863
585235530.3021797,318172826932078.5,2023-11-29 23:59:59.999000+00:00,591609336.0612608,580144194.555256
